<?xml version="1.0" encoding="UTF-8"?>
<site
      associateSitesURL="http://download.eclipse.org/technology/subversive/2.0/update-site/associates.xml">
   <description url="http://download.eclipse.org/technology/subversive/2.0/update-site/">
      Eclipse Subversive - SVN Team Provider
   </description>
   <feature url="features/org.eclipse.team.svn_2.0.1.I20140907-1700.jar" id="org.eclipse.team.svn" version="2.0.1.I20140907-1700">
      <category name="Subversive"/>
   </feature>
   <feature url="features/org.eclipse.team.svn.nl1_2.0.0.I20140609-1700.jar" id="org.eclipse.team.svn.nl1" version="2.0.0.I20140609-1700">
      <category name="Subversive"/>
   </feature>
   <feature url="features/org.eclipse.team.svn.resource.ignore.rules.jdt_2.0.0.I20140609-1700.jar" id="org.eclipse.team.svn.resource.ignore.rules.jdt" version="2.0.0.I20140609-1700">
      <category name="Subversive"/>
   </feature>
   <feature url="features/org.eclipse.team.svn.mylyn_2.0.0.I20140609-1700.jar" id="org.eclipse.team.svn.mylyn" version="2.0.0.I20140609-1700">
      <category name="Subversive Integration"/>
   </feature>
   <feature url="features/org.eclipse.team.svn.revision.graph_2.0.0.I20140609-1700.jar" id="org.eclipse.team.svn.revision.graph" version="2.0.0.I20140609-1700">
      <category name="Subversive"/>
   </feature>
   <feature url="features/org.eclipse.team.svn.source_2.0.1.I20140907-1700.jar" id="org.eclipse.team.svn.source" version="2.0.1.I20140907-1700">
      <category name="Subversive Sources"/>
   </feature>
   <category-def name="Subversive" label="Subversive SVN Team Provider Plugin">
      <description>
         Eclipse Subversive Team Provider for the Subversion version control system.
      </description>
   </category-def>
   <category-def name="Subversive Integration" label="Subversive Integration Plug-in&apos;s">
      <description>
         Eclipse Subversive Team Provider integration for third party tools.
      </description>
   </category-def>
   <category-def name="Subversive Sources" label="Subversive Sources">
      <description>
         Eclipse Subversive Team Provider development resources.
      </description>
   </category-def>
</site>
